{
  "azure_20251221_124934": {
    "model_name": "azure_20251221_124934",
    "num_images": 100,
    "num_captions": 100,
    "metrics": {
      "Bleu_1": 0.6617831621067783,
      "Bleu_2": 0.5361391571483555,
      "Bleu_3": 0.41581898202131967,
      "Bleu_4": 0.3200619399930943,
      "METEOR": 0.2633596912215941,
      "ROUGE_L": 0.5659757830020731,
      "CIDEr": 1.2573464993327874,
      "SPICE": 0.20140164629715904
    }
  },
  "blip_20251212_213002": {
    "model_name": "blip_20251212_213002",
    "num_images": 100,
    "num_captions": 100,
    "metrics": {
      "Bleu_1": 0.7681436807982748,
      "Bleu_2": 0.6389955499165854,
      "Bleu_3": 0.5101858048066468,
      "Bleu_4": 0.4079082506895712,
      "METEOR": 0.2812844540167581,
      "ROUGE_L": 0.5852672641850072,
      "CIDEr": 1.3579297573693105,
      "SPICE": 0.22429071708412274
    }
  },
  "florence_merged_all": {
    "model_name": "florence_merged_all",
    "num_images": 99,
    "num_captions": 99,
    "metrics": {
      "Bleu_1": 0.7219463753716763,
      "Bleu_2": 0.5667613530688367,
      "Bleu_3": 0.4282133565769185,
      "Bleu_4": 0.32160151964389716,
      "METEOR": 0.2774626540502056,
      "ROUGE_L": 0.5416418615913792,
      "CIDEr": 1.1559674935810376,
      "SPICE": 0.20101633893190796
    }
  },
  "gemini_20251212_212010": {
    "model_name": "gemini_20251212_212010",
    "num_images": 100,
    "num_captions": 100,
    "metrics": {
      "Bleu_1": 0.524182076813283,
      "Bleu_2": 0.3446794177542956,
      "Bleu_3": 0.21993906932140456,
      "Bleu_4": 0.13827189175777738,
      "METEOR": 0.24275524723169534,
      "ROUGE_L": 0.4703463251268719,
      "CIDEr": 0.6959725079226675,
      "SPICE": 0.18483569642209394
    }
  },
  "openai4_20251215_220125": {
    "model_name": "openai4_20251215_220125",
    "num_images": 100,
    "num_captions": 100,
    "metrics": {
      "Bleu_1": 0.3150867823763968,
      "Bleu_2": 0.17043996822173813,
      "Bleu_3": 0.09035552012962207,
      "Bleu_4": 0.04836637565318596,
      "METEOR": 0.2039775914405066,
      "ROUGE_L": 0.3052640117993335,
      "CIDEr": 0.03368127292609855,
      "SPICE": 0.1521840200411606
    }
  },
  "vit-gpt2_20251212_215305": {
    "model_name": "vit-gpt2_20251212_215305",
    "num_images": 100,
    "num_captions": 100,
    "metrics": {
      "Bleu_1": 0.7213290460871155,
      "Bleu_2": 0.5575597745666757,
      "Bleu_3": 0.40531516047876065,
      "Bleu_4": 0.29999663968795803,
      "METEOR": 0.2454858114294383,
      "ROUGE_L": 0.5202384952515559,
      "CIDEr": 1.0760678643462975,
      "SPICE": 0.19136501347872412
    }
  }
}